AGE,SEX,ELT15,ELT17
0,M,0.00814,0.00475
10,M,0.00018,0.00009
20,M,0.00084,0.00050
30,M,0.00091,0.00073
40,M,0.00172,0.00147
50,M,0.00464,0.00311
60,M,0.01392,0.00802
70,M,0.03930,0.02069
80,M,0.09616,0.05740
90,M,0.20465,0.16814
100,M,0.38705,0.36187
0,F,0.00632,0.00381
10,F,0.00013,0.00007
20,F,0.00031,0.00020
30,F,0.00043,0.00036
40,F,0.00107,0.00086
50,F,0.00294,0.00214
60,F,0.00830,0.00533
70,F,0.02190,0.01331
80,F,0.05961,0.04070
90,F,0.15550,0.13509
100,F,0.32489,0.32134
