AGE,DEATHS,GRAD,ETR
14,3,0.00038,12842
15,8,0.00043,15256
16,5,0.00048,12438
17,18,0.00053,15057
18,20,0.00059,16542
19,9,0.00066,10121
20,15,0.00074,12811
21,10,0.00083,13675
22,10,0.00093,11882
23,13,0.00104,15029
